experiment_id,model,profile_type,resolution,steps,cfg_scale,solver,sample_count,features_saved,primary_metric,expected_figure
P1,JiT/PixelGen/DeCo/PixelDiT,layer_temporal_smoothness,256,50/100,default,repo_default,256,summary_stats,feature_delta_norm,layer_timestep_heatmap
P2,DeCo/PixelDiT,branch_temporal_smoothness,256,50/100,default,repo_default,256,summary_stats,branch_delta_norm,branch_curve
P3,all,feature_to_velocity_error,256,50,default,repo_default,128,partial_full_features,corr_velocity_final_quality,scatter_corr
P4,JiT/PixelGen,xpred_amplification,256,50,default,heun/euler,256,summary_stats,converted_velocity_error,amplification_curve
P5,all,frequency_error,256/512,50,default/high,repo_default,256,output_only,DCT_band_error,freq_heatmap
P6,all,cfg_residual_stability,256,50,low/default/high,repo_default,256,output_only,residual_delta_norm,cfg_curve
P7,JiT/PixelGen/PixelDiT,solver_sensitivity,256,20/50/100,default,euler/heun/ab2,128,output_only,LPIPS_to_full,solver_pareto
P8,JiT/PixelGen,token_spatial_sensitivity,256,50,default,repo_default,128,token_stats,token_cache_damage,spatial_map
P9,all,hardware_microbenchmark,256/512,50/100,default,repo_default,n/a,none,latency_ms,latency_breakdown
